{
  "version": 2,
  "builds": [
    {
      "src": "api/**/*.js",
      "use": "@vercel/node"
    }
  ],
  "routes": [
    {
      "src": "/manifest.json",
      "dest": "/api/manifest.js"
    },
    {
      "src": "/catalog/(.*)",
      "dest": "/api/catalog.js"
    },
    {
      "src": "/meta/(.*)",
      "dest": "/api/meta.js"
    },
    {
      "src": "/stream/(.*)",
      "dest": "/api/streams.js"
    },
    {
      "src": "/configure",
      "methods": [
        "GET",
        "POST"
      ],
      "dest": "/api/configure.js"
    }
  ]
}